{
  "CLAUDE.md": 1775990388.6400385,
  "prompt_guide.txt": 1775990159.6186404,
  "README.md": 1775988997.2959268,
  "docs\\PROJECT_SPEC.md": 1775992017.7888532,
  "docs\\assets\\11.jpg": 1775991560.1480477,
  "docs\\assets\\13_1.jpg": 1775991555.3870018,
  "docs\\assets\\17.jpg": 1775991557.005219,
  "docs\\assets\\1756323661504.png": 1775991566.7771788,
  "docs\\assets\\18.jpg": 1775991563.4932628,
  "docs\\assets\\19.jpg": 1775991568.4581957,
  "docs\\assets\\2.jpg": 1775991569.7563336,
  "docs\\assets\\20.jpg": 1775991572.645417,
  "docs\\assets\\25.jpg": 1775991561.7743459,
  "docs\\assets\\3.jpg": 1775991562.7175922,
  "docs\\assets\\31.jpg": 1775991567.9350133,
  "docs\\assets\\36.jpg": 1775991564.258644,
  "docs\\assets\\39.jpg": 1775991558.5868046,
  "docs\\assets\\45.jpg": 1775991570.3629584,
  "docs\\assets\\46.jpg": 1775991569.1099648,
  "docs\\assets\\47.jpg": 1775991565.7329192,
  "docs\\assets\\47_1.jpg": 1775991553.2859652,
  "docs\\assets\\field.svg": 1775991554.1495905,
  "docs\\assets\\igor_3.jpg": 1775991564.9022872,
  "docs\\assets\\Logo_Arsenal_2.jpg": 1775991552.85352,
  "docs\\assets\\medobory_logo.png": 1775991566.3097017,
  "docs\\assets\\promo_1.jpg": 1775991572.2066925,
  "docs\\assets\\promo_2.jpg": 1775991571.669514,
  "docs\\assets\\promo_3.jpg": 1775991571.1421018,
  "docs\\assets\\site_screenshot_full.jpeg": 1775991581.2450373,
  "docs\\assets\\tildacopy.png": 1775991573.1026282,
  "docs\\assets\\whistle.svg": 1775991553.7160227,
  "docs\\assets\\win.svg": 1775991554.5860937,
  "docs\\assets\\zaliznyak_1.jpg": 1775991567.306119
}