{
  "scripts\\server_setup.py": 1775992698.3781981,
  "docs\\ARCHITECTURE.md": 1775992131.2085662,
  "docs\\DESIGN_REVIEW_AUTO.md": 1775992601.1862874,
  "docs\\FOR_CLIENT.md": 1775992362.5626705,
  "docs\\PROJECT_SPEC.md": 1775992265.9071808,
  "docs\\SERVER_SETUP.md": 1775992658.1433482,
  "graphify-out\\GRAPH_REPORT.md": 1775992929.3185947
}